<?xml version='1.0' encoding='UTF-8'?>
<codeBook version="1.2.2" ID="StudyDesId" xml-lang="en" xmlns="http://www.icpsr.umich.edu/DDI" xmlns:xsi="http://www.w3.org/2001/XMLSchema-instance" xsi:schemaLocation="http://www.icpsr.umich.edu/DDI http://www.icpsr.umich.edu/DDI/Version1-2-2.xsd">
  <fileDscr ID="F1" URI="">
    <fileTxt>
      <fileName>
      </fileName>
      <fileCont>
      </fileCont>
      <fileStrc type="">
        <recGrp keyvar=""/>
      </fileStrc>
      <dimensns>
        <caseQnty>
        </caseQnty>
        <varQnty>
        </varQnty>
      </dimensns>
      <fileType>
      </fileType>
      <filePlac>
      </filePlac>
      <verStmt>
        <version>  
        </version>
      </verStmt>
    </fileTxt>
  </fileDscr>
  <dataDscr>
    <varGrp ID="VG12" type="subject"/>
  </dataDscr></codeBook>
